{
  "products": [
    {
      "name": "samsung automatic washing machine",
      "id": "4",
      "price": 40000.45465656756,
      "code": "W-01",
      "image": "/assets/images/washing machine.jpeg",
      "isAvailable": true,
      "manufacturedDate": "Thu Feb 8 2024 19:47:14 GMT+0530 (India Standard Time)",
      "description": "Lorem ipsum dolor sit amet consectetur adipisicing elit. Aut ut vitae dolorem eos quam nam, fugit dolorum perspiciatis et rerum! Recusandae quo qui delectus animi totam nobis excepturi modi maiores."
    },
    {
      "id": "96fd",
      "name": "Samsung Phone",
      "price": 50000,
      "code": "P-1",
      "isAvailable": true,
      "description": "shjjasd",
      "image": "/assets/lgtv.png",
      "manufacturedDate": "2024-04-19T15:22:13.934Z"
    },
    {
      "id": "4ee1",
      "name": "Iphone",
      "price": 100000,
      "code": "P-2",
      "isAvailable": true,
      "description": null,
      "image": "/assets/images/lgtv.png",
      "manufacturedDate": "2024-04-19T15:24:45.025Z"
    }
  ],
  "users": [
    {
      "id": "1",
      "name": "harry"
    },
    {
      "id": "2",
      "name": "mike"
    }
  ]
}